<?xml version="1.0" encoding="UTF-8" standalone="no"?><class>
    <user>
        <login>admin</login>
        <password>admin</password>
        <role>ADMIN</role>
    </user>
<user>
    <login>znatok</login>
    <password>123</password>
    <role>ADMIN</role>
</user>
<user>
    <login>person</login>
    <password>123</password>
    <role>USER</role>
</user>
<user><login>user</login><password>user</password><role>USER</role></user><user><login>1</login><password>1</password><role>ADMIN</role></user><user><login>test</login><password>test</password><role>ADMIN</role></user><user><login>asd</login><password>asd</password><role>ADMIN</role></user><user><login>1234</login><password>1234</password><role>USER</role></user><user><login>qqq</login><password>qqq</password><role>USER</role></user></class>