<?xml version="1.0" encoding="UTF-8" standalone="no"?><class>
        <person>
            <firstName>sergey</firstName>
            <lastName>pastushenka</lastName>
            <email>sergeypast@bsuir.by</email>
            <phoneNumber>+375447099565</phoneNumber>
            <infoAboutWork>
                <company>BSUIR</company>
                <position>Student</position>
                <experience>2</experience>
                <salary>100</salary>
            </infoAboutWork>
        </person>
    

<person><firstName>Vova</firstName><lastName>Petrov</lastName><email>Petrov@gmail.com</email><phoneNumber>+375449562354</phoneNumber><infoAboutWork><company>bsuir</company><position>student</position><experience>2</experience><salary>320</salary></infoAboutWork></person><person><firstName>Kolya</firstName><lastName>Budnikov</lastName><email>budnikov@mail.ru</email><phoneNumber>+375295896713</phoneNumber><infoAboutWork><company>MVD</company><position>pos</position><experience>3</experience><salary>432</salary></infoAboutWork></person><person><firstName>elnur</firstName><lastName>nasirov</lastName><email>spartacus@tut.by</email><phoneNumber>+375445617430</phoneNumber><infoAboutWork><company>Academi RB</company><position>kursant</position><experience>22</experience><salary>400</salary></infoAboutWork></person><person><firstName>Nikita</firstName><lastName>Konchic</lastName><email>moisey@mail.ru</email><phoneNumber>+37589454545</phoneNumber><infoAboutWork><company>BGUS</company><position>student</position><experience>22</experience><salary>123</salary></infoAboutWork></person><person><firstName>Strelcov</firstName><lastName>glebyblik</lastName><email>glabas@gmail.com</email><phoneNumber>+375447569832</phoneNumber><infoAboutWork><company>BSUIR</company><position>Student2</position><experience>22</experience><salary>11</salary></infoAboutWork></person></class>